{"cameraMode":{"drawMode":0,"name":"Shaded","section":"Shading Mode"},"sceneLighting":true,"audioPlay":false,"sceneViewState":{"showFog":true,"showMaterialUpdate":false,"showSkybox":true,"showFlares":true,"showImageEffects":true,"showParticleSystems":true},"in2DMode":false,"pivot":{"x":-2.954387664794922,"y":-0.14076685905456544,"z":1.4601564407348633},"rotation":{"x":-0.2418489307165146,"y":0.33142274618148806,"z":-0.08830807358026505,"w":-0.90767902135849},"size":3.120630979537964,"orthographic":false}