{"cameraMode":{"drawMode":0,"name":"Shaded","section":"Shading Mode"},"sceneLighting":false,"audioPlay":false,"sceneViewState":{"showFog":true,"showMaterialUpdate":false,"showSkybox":false,"showFlares":true,"showImageEffects":true,"showParticleSystems":true},"in2DMode":false,"pivot":{"x":-1.8481559753417969,"y":0.80364990234375,"z":0.1141357421875},"rotation":{"x":0.020985819399356843,"y":0.9044935703277588,"z":-0.42360997200012209,"w":0.04480899125337601},"size":0.1234215795993805,"orthographic":true}